,DATE,SERIES,OPEN,HIGH,LOW,PREV. CLOSE,LTP,CLOSE,VWAP,52W H,52W L,VOLUME,VALUE,NO OF TRADES,SYMBOL
0,2023-12-29,EQ,137.9,138.0,135.4,137.6,136.25,135.85,136.76,167.9,113.55,918742,125650723.75,8189,THOMASCOOK
1,2023-12-28,EQ,138.25,139.5,134.7,137.85,137.3,137.6,137.12,167.9,113.55,1482659,203305516.5,10507,THOMASCOOK
2,2023-12-27,EQ,141.4,143.2,136.65,140.3,137.0,137.85,139.12,167.9,113.55,1282351,178399007.4,9601,THOMASCOOK
3,2023-12-26,EQ,140.8,143.4,136.4,139.8,140.25,140.3,141.17,167.9,113.55,1320422,186404352.75,10186,THOMASCOOK
4,2023-12-22,EQ,143.2,144.6,138.95,142.35,139.9,139.8,141.14,167.9,113.55,936631,132196435.65,7838,THOMASCOOK
5,2023-12-21,EQ,136.4,143.5,135.25,137.9,142.75,142.35,140.77,167.9,113.55,2098601,295411670.95,17423,THOMASCOOK
6,2023-12-20,EQ,145.45,149.6,135.55,144.3,137.25,137.9,143.68,167.9,113.55,3696544,531103853.4,20629,THOMASCOOK
7,2023-12-19,EQ,144.0,147.4,140.1,143.95,144.55,144.3,144.27,167.9,113.55,1663437,239984249.6,16180,THOMASCOOK
8,2023-12-18,EQ,146.0,147.9,143.1,146.0,143.8,143.95,145.29,167.9,113.55,1361112,197754287.45,11885,THOMASCOOK
9,2023-12-15,EQ,147.5,149.8,145.0,147.75,145.75,146.0,147.48,167.9,113.55,1038662,153186415.2,6565,THOMASCOOK
10,2023-12-14,EQ,149.75,150.0,146.8,148.35,147.95,147.75,148.82,167.9,113.55,1732321,257812010.7,10476,THOMASCOOK
11,2023-12-13,EQ,147.85,149.95,145.5,146.95,147.7,148.35,148.26,167.9,113.55,2092861,310292525.2,20641,THOMASCOOK
12,2023-12-12,EQ,151.8,151.8,145.3,150.45,145.7,146.95,147.91,167.9,113.55,2003202,296299465.1,13777,THOMASCOOK
13,2023-12-11,EQ,147.4,151.4,145.15,147.25,150.0,150.45,148.92,167.9,113.55,2510003,373798334.1,25045,THOMASCOOK
14,2023-12-08,EQ,152.0,154.7,145.0,151.5,147.3,147.25,149.98,167.9,113.55,2477902,371642963.1,12292,THOMASCOOK
15,2023-12-07,EQ,151.4,153.7,147.5,150.15,151.4,151.5,151.22,167.9,113.55,2795816,422795412.2,19332,THOMASCOOK
16,2023-12-06,EQ,154.4,154.65,146.65,152.85,150.0,150.15,150.56,167.9,113.55,2460290,370421962.0,13651,THOMASCOOK
17,2023-12-05,EQ,155.0,159.4,149.85,154.55,153.35,152.85,154.13,167.9,113.55,5248187,808895513.55,21393,THOMASCOOK
18,2023-12-04,EQ,148.0,154.55,147.45,147.2,154.55,154.55,150.93,167.9,113.55,12910086,1948539434.35,31882,THOMASCOOK
19,2023-12-01,EQ,143.0,149.3,143.0,150.5,147.3,147.2,144.66,167.9,113.55,30523509,4415540854.2,61206,THOMASCOOK
20,2023-11-30,EQ,150.5,150.5,150.5,158.4,150.5,150.5,150.5,167.9,113.55,2364814,355904507.0,4543,THOMASCOOK
21,2023-11-29,EQ,167.9,167.9,157.65,165.95,157.65,158.4,161.79,167.9,113.55,947248,153255250.4,10406,THOMASCOOK
22,2023-11-28,EQ,160.7,166.45,160.15,158.55,165.9,165.95,165.45,166.45,113.55,1249969,206813353.5,10718,THOMASCOOK
23,2023-11-24,EQ,159.0,162.0,157.1,156.45,158.8,158.55,159.58,162.75,113.55,452488,72206233.45,8738,THOMASCOOK
24,2023-11-23,EQ,157.9,159.85,155.25,154.85,156.1,156.45,157.74,162.75,113.1,367853,58025358.3,7818,THOMASCOOK
25,2023-11-22,EQ,161.4,162.15,153.3,159.7,154.5,154.85,157.77,162.75,113.1,481980,76040866.0,9335,THOMASCOOK
26,2023-11-21,EQ,159.1,162.75,156.55,157.4,159.8,159.7,160.47,162.75,112.5,706497,113371301.5,11413,THOMASCOOK
27,2023-11-20,EQ,154.05,161.0,154.05,154.85,156.4,157.4,157.24,162.55,111.0,988862,155485138.35,19104,THOMASCOOK
28,2023-11-17,EQ,158.15,162.0,154.2,159.35,154.65,154.85,156.85,162.55,111.0,677205,106216832.2,10503,THOMASCOOK
29,2023-11-16,EQ,157.35,162.55,154.1,154.85,161.0,159.35,160.96,162.55,111.0,2487047,400310983.35,12333,THOMASCOOK
30,2023-11-15,EQ,150.4,154.85,148.0,147.5,154.85,154.85,154.55,154.85,111.0,1073201,165858366.6,3574,THOMASCOOK
31,2023-11-13,EQ,149.1,151.0,146.5,148.4,147.1,147.5,148.22,152.95,111.0,304855,45186778.2,5392,THOMASCOOK
32,2023-11-12,EQ,150.45,150.8,147.5,147.3,148.5,148.4,149.07,152.95,110.2,176703,26341423.55,1705,THOMASCOOK
33,2023-11-10,EQ,148.9,150.0,143.35,146.6,147.9,147.3,147.56,152.95,110.2,420577,62059059.25,4302,THOMASCOOK
34,2023-11-09,EQ,148.05,152.95,145.0,148.05,147.45,146.6,149.08,152.95,110.2,856584,127702326.5,12156,THOMASCOOK
35,2023-11-08,EQ,142.1,148.05,139.0,141.0,148.05,148.05,146.75,148.05,110.2,1068064,156741239.2,4042,THOMASCOOK
36,2023-11-07,EQ,143.95,143.95,138.15,144.5,141.7,141.0,141.8,147.2,110.2,422965,59977415.5,3252,THOMASCOOK
37,2023-08-14,EQ,106.0,107.6,95.65,105.9,103.7,104.45,104.03,116.7,52.1,3129784,325583592.8,17124,THOMASCOOK
38,2023-08-11,EQ,108.0,111.25,105.05,104.75,106.0,105.9,108.26,116.7,52.1,4496080,486751380.25,23737,THOMASCOOK
39,2023-08-10,EQ,108.0,116.7,103.85,101.5,105.0,104.75,109.95,116.7,52.1,16669512,1832879382.7,67778,THOMASCOOK
40,2023-08-09,EQ,96.65,106.0,96.3,95.75,103.0,101.5,101.55,106.0,52.1,8205788,833292993.95,36047,THOMASCOOK
41,2023-08-08,EQ,95.7,97.45,93.1,95.15,97.0,95.75,95.36,100.3,52.1,1531422,146033622.2,7336,THOMASCOOK
42,2023-08-07,EQ,97.0,100.3,94.25,96.65,95.0,95.15,97.02,100.3,52.1,4344193,421469016.45,21199,THOMASCOOK
43,2023-08-04,EQ,86.0,98.8,85.6,84.75,97.4,96.65,93.39,98.8,52.1,10152510,948111225.05,40990,THOMASCOOK
44,2023-08-03,EQ,82.95,85.75,82.6,82.65,85.0,84.75,84.33,87.2,52.1,598107,50440873.1,4189,THOMASCOOK
45,2023-08-02,EQ,84.0,86.7,80.8,84.25,82.7,82.65,84.37,87.2,52.1,1198478,101117230.45,7610,THOMASCOOK
46,2023-08-01,EQ,84.4,85.5,83.75,84.05,84.0,84.25,84.7,87.2,52.1,457077,38714174.6,3246,THOMASCOOK
47,2023-07-31,EQ,83.1,84.45,82.6,82.85,83.95,84.05,83.51,87.2,52.1,457363,38196139.05,3508,THOMASCOOK
48,2023-07-28,EQ,83.6,84.05,81.5,83.05,83.0,82.85,82.96,87.2,52.1,657020,54504799.05,4771,THOMASCOOK
49,2023-07-27,EQ,83.65,84.3,82.7,83.1,82.95,83.05,83.33,87.2,52.1,262262,21854831.7,1922,THOMASCOOK
50,2023-07-26,EQ,83.5,85.4,82.8,83.95,83.1,83.1,84.09,87.2,52.1,509363,42830725.5,3518,THOMASCOOK
51,2023-07-25,EQ,83.85,86.25,82.35,83.4,83.7,83.95,84.27,87.2,52.1,816868,68838180.5,4871,THOMASCOOK
52,2023-07-24,EQ,84.3,86.0,82.9,84.3,83.25,83.4,84.15,87.2,52.1,633490,53308945.55,3802,THOMASCOOK
53,2023-07-21,EQ,83.85,86.2,83.05,83.8,84.6,84.3,84.61,87.2,52.1,703429,59517994.25,4502,THOMASCOOK
54,2023-07-20,EQ,86.25,87.2,83.25,85.85,84.15,83.8,84.78,87.2,52.1,876663,74326708.1,4897,THOMASCOOK
55,2023-07-19,EQ,83.05,86.55,83.05,83.15,85.3,85.85,85.29,87.15,52.1,2276321,194150497.75,10778,THOMASCOOK
56,2023-07-18,EQ,84.4,85.0,81.6,83.7,83.05,83.15,83.12,87.15,52.1,1350705,112266516.1,6417,THOMASCOOK
57,2023-07-17,EQ,77.2,84.8,77.2,77.1,83.65,83.7,83.11,87.15,52.1,3953917,328629384.15,16383,THOMASCOOK
58,2023-07-14,EQ,78.95,79.5,76.5,78.7,77.35,77.1,77.82,87.15,52.1,616181,47951162.45,4412,THOMASCOOK
59,2023-07-13,EQ,76.7,81.4,76.5,76.6,78.7,78.7,79.72,87.15,52.1,1628808,129846586.35,8608,THOMASCOOK
60,2023-07-12,EQ,77.65,78.45,76.25,76.9,76.8,76.6,77.3,87.15,52.1,362509,28023243.3,2474,THOMASCOOK
61,2023-07-11,EQ,76.0,78.8,75.7,75.6,77.35,76.9,77.23,87.15,52.1,456178,35231660.8,3455,THOMASCOOK
62,2023-07-10,EQ,75.95,76.95,75.05,75.5,75.5,75.6,75.96,87.15,52.1,334629,25417061.5,2587,THOMASCOOK
63,2023-07-07,EQ,77.5,77.95,74.3,77.25,75.85,75.5,76.03,87.15,52.1,534001,40597482.8,4003,THOMASCOOK
64,2023-07-06,EQ,78.25,78.85,76.55,77.7,77.2,77.25,77.6,87.15,52.1,326092,25305727.55,2458,THOMASCOOK
65,2023-07-05,EQ,78.6,80.1,76.9,78.6,77.8,77.7,78.79,87.15,52.1,626345,49350903.25,6171,THOMASCOOK
66,2023-07-04,EQ,79.3,79.7,78.05,79.2,78.85,78.6,78.8,87.15,52.1,350174,27593361.5,2849,THOMASCOOK
67,2023-07-03,EQ,77.45,80.95,76.4,76.4,79.05,79.2,78.3,87.15,52.1,930645,72870681.15,5797,THOMASCOOK
68,2023-06-30,EQ,74.95,78.9,74.75,74.65,76.95,76.4,77.26,87.15,52.1,1130909,87372587.4,6618,THOMASCOOK
69,2023-06-28,EQ,75.5,75.9,73.65,75.15,74.7,74.65,74.68,87.15,52.1,235834,17611265.25,1819,THOMASCOOK
70,2023-06-27,EQ,75.3,76.4,74.7,75.2,75.5,75.15,75.26,87.15,52.1,297045,22355092.25,2200,THOMASCOOK
71,2023-06-26,EQ,75.05,76.65,75.0,74.95,75.2,75.2,75.58,87.15,52.1,331691,25067627.05,2934,THOMASCOOK
72,2023-06-23,EQ,77.2,77.75,74.6,77.2,75.15,74.95,75.56,87.15,52.1,501340,37883158.95,3249,THOMASCOOK
73,2023-06-22,EQ,76.6,79.5,76.5,76.25,77.3,77.2,77.86,87.15,52.1,808221,62926108.05,4830,THOMASCOOK
74,2023-06-21,EQ,77.0,78.1,75.35,76.85,76.3,76.25,76.46,87.15,52.1,457542,34985493.1,2992,THOMASCOOK
75,2023-06-20,EQ,75.5,78.0,74.95,75.5,76.95,76.85,76.47,87.15,52.1,575208,43986867.2,4369,THOMASCOOK
76,2023-06-19,EQ,79.1,79.5,74.9,79.1,75.0,75.5,76.83,87.15,52.1,1325067,101801108.8,6733,THOMASCOOK
77,2023-06-16,EQ,79.0,80.95,77.5,78.4,78.9,79.1,79.47,87.15,52.1,1306117,103794435.85,6723,THOMASCOOK
78,2023-06-15,EQ,75.9,79.35,75.0,75.45,78.55,78.4,77.69,87.15,52.1,2299458,178648344.0,10346,THOMASCOOK
79,2023-06-14,EQ,72.7,77.3,72.0,72.55,75.2,75.45,75.03,87.15,52.1,2189393,164274945.6,11513,THOMASCOOK
80,2023-06-13,EQ,68.0,74.45,68.0,67.45,72.75,72.55,72.86,87.15,52.1,3417005,248961217.4,14484,THOMASCOOK
81,2023-06-12,EQ,66.7,67.85,66.35,66.4,67.65,67.45,67.06,87.15,52.1,264685,17749654.25,1371,THOMASCOOK
82,2023-06-09,EQ,67.0,68.1,65.2,67.05,65.8,66.4,67.02,87.15,52.1,364561,24432905.55,2191,THOMASCOOK
83,2023-06-08,EQ,66.85,68.2,66.65,66.85,66.7,67.05,67.51,87.15,52.1,355183,23976999.7,2255,THOMASCOOK
84,2023-06-07,EQ,67.65,68.3,66.6,67.65,66.8,66.85,67.27,87.15,52.1,317990,21392364.25,2071,THOMASCOOK
85,2023-06-06,EQ,67.9,68.35,67.0,68.0,67.7,67.65,67.39,87.15,52.1,151848,10233786.5,1490,THOMASCOOK
86,2023-06-05,EQ,68.5,68.5,67.0,67.5,68.25,68.0,67.89,87.15,52.1,326437,22160810.15,2035,THOMASCOOK
87,2023-06-02,EQ,64.7,67.85,64.5,64.7,67.5,67.5,66.9,87.15,52.1,823132,55063447.15,4761,THOMASCOOK
88,2023-06-01,EQ,64.3,65.25,64.3,64.3,64.8,64.7,64.77,87.15,52.1,169312,10965943.3,963,THOMASCOOK
89,2023-05-31,EQ,64.5,65.15,63.8,64.05,64.3,64.3,64.35,87.15,52.1,217248,13979893.9,1630,THOMASCOOK
90,2023-05-30,EQ,64.25,64.45,63.4,63.75,64.2,64.05,64.01,87.15,52.1,135017,8642850.65,1466,THOMASCOOK
91,2023-05-29,EQ,64.4,64.55,63.4,64.1,63.95,63.75,63.86,87.15,52.1,174742,11158768.55,1612,THOMASCOOK
92,2023-05-26,EQ,65.0,66.05,63.95,64.85,64.05,64.1,64.98,87.15,52.1,368079,23917704.35,2492,THOMASCOOK
93,2023-05-25,EQ,63.5,65.45,63.3,63.4,65.0,64.85,64.51,87.15,52.1,433246,27949264.1,2963,THOMASCOOK
94,2023-05-24,EQ,62.15,63.95,62.05,62.15,63.5,63.4,63.35,87.15,52.1,319045,20210660.0,2508,THOMASCOOK
95,2023-05-23,EQ,63.0,64.0,61.8,62.5,62.45,62.15,63.05,87.15,52.1,478668,30177872.3,3710,THOMASCOOK
96,2023-05-22,EQ,65.25,66.1,59.4,64.95,62.25,62.5,62.89,87.15,52.1,1439542,90539486.8,6761,THOMASCOOK
97,2023-05-19,EQ,70.05,70.1,64.55,70.5,65.0,64.95,66.49,87.15,52.1,1664914,110706585.75,9015,THOMASCOOK
98,2023-05-18,EQ,72.9,73.6,70.1,72.4,71.2,70.5,72.54,87.15,52.1,678333,49207225.0,3969,THOMASCOOK
99,2023-05-17,EQ,70.85,72.9,69.55,70.4,72.7,72.4,71.64,87.15,52.1,750216,53747051.55,5180,THOMASCOOK
100,2023-05-16,EQ,70.75,73.1,69.0,70.9,70.85,70.4,71.4,87.15,52.1,536566,38310814.3,3249,THOMASCOOK
101,2023-05-15,EQ,68.1,73.1,67.65,68.05,70.9,70.9,71.3,87.15,52.1,1440398,102705644.65,7283,THOMASCOOK
102,2023-05-12,EQ,67.3,68.65,66.9,67.2,68.0,68.05,68.02,87.15,52.1,404076,27484663.85,2194,THOMASCOOK
103,2023-05-11,EQ,68.15,68.75,66.8,67.15,67.0,67.2,67.77,87.15,52.1,123187,8348869.65,1205,THOMASCOOK
104,2023-05-10,EQ,67.0,67.4,66.0,67.0,67.4,67.15,66.72,87.15,52.1,124654,8317313.1,1351,THOMASCOOK
105,2023-05-09,EQ,67.7,68.5,66.45,67.7,66.7,67.0,67.52,87.15,52.1,154048,10401040.75,1653,THOMASCOOK
106,2023-05-08,EQ,67.0,68.25,66.35,66.6,67.95,67.7,67.55,87.15,52.1,268190,18116035.45,1875,THOMASCOOK
107,2023-05-05,EQ,68.0,68.6,65.6,67.6,66.4,66.6,66.78,87.15,52.1,223191,14905645.1,2317,THOMASCOOK
108,2023-05-04,EQ,67.1,68.45,67.1,67.1,67.8,67.6,67.74,87.15,52.1,186847,12657861.65,1485,THOMASCOOK
109,2023-05-03,EQ,66.0,68.95,66.0,66.65,67.1,67.1,67.88,87.15,52.1,522775,35486456.6,2951,THOMASCOOK
110,2023-05-02,EQ,66.95,66.95,65.4,65.75,66.45,66.65,66.27,87.15,52.1,423822,28085709.5,2724,THOMASCOOK
111,2023-04-28,EQ,66.3,67.35,65.55,66.35,65.8,65.75,66.46,87.15,52.1,308663,20513212.8,2171,THOMASCOOK
112,2023-04-27,EQ,66.75,66.75,65.65,66.75,66.6,66.35,66.13,87.15,52.1,222758,14730084.85,1298,THOMASCOOK
113,2023-04-26,EQ,64.7,67.55,64.6,64.55,66.7,66.75,66.24,87.15,52.1,285776,18929948.35,2809,THOMASCOOK
114,2023-04-25,EQ,65.45,65.9,64.4,65.0,65.0,64.55,65.01,87.15,52.1,193986,12611184.75,1551,THOMASCOOK
115,2023-04-24,EQ,65.95,66.45,64.05,65.65,65.05,65.0,65.24,87.15,52.1,156941,10239290.8,1560,THOMASCOOK
116,2023-04-21,EQ,66.3,67.55,65.2,66.9,65.75,65.65,66.09,90.0,52.1,261982,17314809.0,1785,THOMASCOOK
117,2023-04-20,EQ,64.95,68.0,64.8,64.85,66.95,66.9,66.85,90.0,52.1,595146,39784359.65,3846,THOMASCOOK
118,2023-04-19,EQ,65.55,66.35,64.25,65.85,64.3,64.85,65.58,90.0,52.1,136129,8927737.65,939,THOMASCOOK
119,2023-04-18,EQ,65.7,66.25,64.2,65.15,65.45,65.85,65.06,90.0,52.1,432175,28119117.9,2833,THOMASCOOK
120,2023-04-17,EQ,64.0,66.0,61.4,64.2,64.9,65.15,64.71,90.0,52.1,432697,27997662.4,3285,THOMASCOOK
121,2023-04-13,EQ,66.95,66.95,63.25,65.2,63.65,64.2,65.16,91.3,52.1,258071,16815697.05,2176,THOMASCOOK
122,2023-04-12,EQ,63.4,65.5,63.0,63.4,65.4,65.2,64.56,91.3,52.1,369300,23841238.05,2235,THOMASCOOK
123,2023-04-11,EQ,63.1,64.0,61.75,62.5,63.4,63.4,62.98,91.3,52.1,369564,23276800.4,3240,THOMASCOOK
124,2023-04-10,EQ,60.75,63.15,59.85,59.95,62.9,62.5,61.75,91.3,52.1,640881,39575353.05,5280,THOMASCOOK
125,2023-04-06,EQ,60.05,61.0,59.45,59.45,59.85,59.95,60.23,91.3,52.1,227019,13674012.05,2290,THOMASCOOK
126,2023-04-05,EQ,61.7,63.0,58.35,58.7,59.9,59.45,60.52,91.3,52.1,865606,52385102.1,7444,THOMASCOOK
127,2023-04-03,EQ,57.9,59.5,56.8,56.15,58.8,58.7,57.95,91.3,52.1,291090,16869721.9,2350,THOMASCOOK
128,2023-03-31,EQ,56.4,57.35,55.65,55.65,56.2,56.15,56.34,91.3,52.1,299942,16897454.85,2789,THOMASCOOK
129,2023-03-29,EQ,52.85,56.7,52.2,53.15,56.05,55.65,54.86,91.3,52.1,671347,36832263.2,4228,THOMASCOOK
130,2023-03-28,EQ,54.6,56.0,52.1,55.15,53.8,53.15,53.89,91.3,52.1,582939,31411747.8,4557,THOMASCOOK
131,2023-03-27,EQ,56.95,56.95,54.0,56.6,54.3,55.15,54.94,91.3,54.0,478648,26296475.65,4213,THOMASCOOK
132,2023-03-24,EQ,57.75,58.0,56.3,57.6,56.55,56.6,56.84,91.3,54.2,175063,9950977.3,1805,THOMASCOOK
133,2023-03-23,EQ,58.0,58.8,57.1,57.7,57.55,57.6,57.92,91.3,54.2,132475,7673376.3,1763,THOMASCOOK
134,2023-03-22,EQ,57.65,58.9,57.1,57.5,57.6,57.7,58.0,91.3,54.2,198127,11490396.35,2221,THOMASCOOK
135,2023-03-21,EQ,58.95,58.95,56.8,58.45,57.6,57.5,57.83,91.3,54.2,215253,12448036.85,2535,THOMASCOOK
136,2023-03-20,EQ,59.55,59.55,56.85,60.1,58.5,58.45,58.17,91.3,54.2,314946,18321877.55,3821,THOMASCOOK
137,2023-03-17,EQ,59.2,61.4,59.15,59.2,60.2,60.1,60.19,91.3,54.2,238963,14383236.6,3308,THOMASCOOK
138,2023-03-16,EQ,58.8,59.85,56.05,58.4,58.75,59.2,57.88,91.3,54.2,554277,32079249.7,4598,THOMASCOOK
139,2023-03-15,EQ,60.05,60.6,58.1,59.25,58.6,58.4,59.11,91.3,54.2,224294,13257870.2,1771,THOMASCOOK
140,2023-03-14,EQ,61.05,61.5,59.0,60.7,59.1,59.25,59.76,91.3,54.2,299298,17884614.5,4157,THOMASCOOK
141,2023-03-13,EQ,62.85,62.85,60.1,62.85,60.8,60.7,61.5,91.3,54.2,225114,13845368.15,2175,THOMASCOOK
142,2023-03-10,EQ,62.75,63.1,62.3,63.1,62.95,62.85,62.74,91.3,54.2,111105,6970574.15,1192,THOMASCOOK
143,2023-03-09,EQ,62.15,64.15,62.15,62.8,63.05,63.1,63.26,91.3,54.2,171782,10866918.05,2064,THOMASCOOK
144,2023-03-08,EQ,61.35,63.55,61.1,61.95,62.75,62.8,62.69,91.3,54.2,373021,23384363.6,3182,THOMASCOOK
145,2023-03-06,EQ,61.65,62.9,61.25,61.45,62.0,61.95,62.04,91.3,54.2,217188,13474646.65,1966,THOMASCOOK
146,2023-03-03,EQ,62.9,63.3,61.2,62.7,61.6,61.45,61.79,91.3,54.2,560444,34629509.4,5862,THOMASCOOK
147,2023-03-02,EQ,64.8,64.8,62.45,64.8,62.7,62.7,63.4,91.3,54.2,185221,11743899.9,1867,THOMASCOOK
148,2023-03-01,EQ,62.9,65.3,62.7,62.5,64.3,64.8,64.35,91.3,54.2,452669,29129027.55,4177,THOMASCOOK
149,2023-02-28,EQ,61.35,63.0,61.25,61.4,63.0,62.5,62.08,91.3,54.2,113206,7027775.15,1605,THOMASCOOK
150,2023-02-27,EQ,62.25,63.0,61.0,61.95,61.2,61.4,61.43,91.3,54.2,103295,6345118.1,1607,THOMASCOOK
151,2023-02-24,EQ,62.45,63.35,61.05,61.85,62.35,61.95,61.83,91.3,54.2,178088,11011309.85,2885,THOMASCOOK
152,2023-02-23,EQ,61.95,63.3,61.45,62.1,62.35,61.85,62.25,91.3,54.2,260856,16238490.6,3022,THOMASCOOK
153,2023-02-22,EQ,64.1,64.15,61.75,64.8,61.8,62.1,62.52,91.3,54.2,592356,37034033.35,5977,THOMASCOOK
154,2023-02-21,EQ,65.05,65.95,64.4,64.8,64.65,64.8,65.08,91.3,54.2,178256,11601540.0,2447,THOMASCOOK
155,2023-02-20,EQ,66.15,66.7,64.3,66.15,65.1,64.8,65.08,91.3,54.2,263385,17141224.8,2578,THOMASCOOK
156,2023-02-17,EQ,66.75,67.4,65.05,66.75,66.25,66.15,66.07,91.3,54.2,216209,14284275.8,3134,THOMASCOOK
157,2023-02-16,EQ,66.65,67.15,66.05,65.95,66.55,66.75,66.62,91.3,54.2,123734,8243280.1,1657,THOMASCOOK
158,2023-02-15,EQ,65.45,66.8,65.3,65.45,66.2,65.95,65.96,91.3,54.2,166120,10956495.55,1932,THOMASCOOK
159,2023-02-14,EQ,66.9,68.0,64.5,66.9,65.2,65.45,66.06,91.3,54.2,345787,22842027.65,2988,THOMASCOOK
160,2023-02-13,EQ,67.1,68.5,66.75,67.0,66.85,66.9,67.38,91.3,54.2,155394,10470559.5,1783,THOMASCOOK
161,2023-02-10,EQ,67.95,68.35,66.1,68.1,67.45,67.0,67.43,91.3,54.2,273318,18429456.2,3052,THOMASCOOK
162,2023-02-09,EQ,69.5,69.5,67.65,69.2,68.0,68.1,68.45,91.3,54.2,193822,13266977.75,2670,THOMASCOOK
163,2023-02-08,EQ,66.5,69.75,66.2,66.55,69.0,69.2,68.34,91.3,54.2,368054,25153857.05,3681,THOMASCOOK
164,2023-02-07,EQ,67.9,68.4,66.0,67.45,66.3,66.55,67.21,91.3,54.2,387814,26066902.55,2984,THOMASCOOK
165,2023-02-06,EQ,69.0,70.4,65.4,69.4,67.45,67.45,68.5,91.3,54.2,437844,29993545.85,4285,THOMASCOOK
166,2023-02-03,EQ,74.05,74.95,68.75,71.95,69.4,69.4,71.28,91.3,54.2,1108488,79011735.65,8064,THOMASCOOK
167,2023-02-02,EQ,70.55,72.75,69.25,71.1,71.7,71.95,71.6,91.3,54.2,389270,27870336.55,3775,THOMASCOOK
168,2023-02-01,EQ,72.15,75.0,69.6,71.05,72.8,71.1,72.93,91.3,54.2,819955,59798904.8,6844,THOMASCOOK
169,2023-01-31,EQ,67.8,72.9,67.25,67.8,72.05,71.05,70.07,91.3,54.2,387402,27145415.85,3270,THOMASCOOK
170,2023-01-30,EQ,68.1,69.8,67.1,68.85,67.1,67.8,68.18,91.3,54.2,503117,34301295.3,4028,THOMASCOOK
171,2023-01-27,EQ,70.05,70.9,67.75,70.45,69.0,68.85,68.98,91.3,54.0,382361,26376500.25,2930,THOMASCOOK
172,2023-01-25,EQ,70.85,71.55,69.5,71.15,70.5,70.45,70.59,91.3,54.0,304975,21529597.7,3018,THOMASCOOK
173,2023-01-24,EQ,71.1,71.7,70.7,71.1,71.0,71.15,71.07,91.3,54.0,153082,10878845.9,1208,THOMASCOOK
174,2023-01-23,EQ,71.55,71.9,70.5,71.3,71.15,71.1,71.0,91.3,54.0,247980,17606110.6,2204,THOMASCOOK
175,2023-01-20,EQ,71.75,72.85,70.9,71.55,71.3,71.3,71.82,91.3,54.0,414477,29767329.25,5782,THOMASCOOK
176,2023-01-19,EQ,70.45,72.2,70.45,71.4,71.8,71.55,71.26,91.3,54.0,186176,13266691.7,2497,THOMASCOOK
177,2023-01-18,EQ,73.55,74.1,70.0,73.55,71.4,71.4,71.4,91.3,54.0,540695,38603529.9,5910,THOMASCOOK
178,2023-01-17,EQ,73.25,74.85,72.05,73.25,73.5,73.55,73.56,91.3,54.0,209857,15436610.45,2558,THOMASCOOK
179,2023-01-16,EQ,74.25,74.8,72.5,74.15,72.7,73.25,73.5,91.3,54.0,212266,15602598.6,2487,THOMASCOOK
180,2023-01-13,EQ,73.7,75.55,73.15,73.7,73.75,74.15,74.16,91.3,54.0,194029,14388505.2,2158,THOMASCOOK
181,2023-01-12,EQ,73.8,74.25,72.65,73.65,73.95,73.7,73.53,91.3,54.0,137953,10144095.85,1811,THOMASCOOK
182,2023-01-11,EQ,73.55,74.4,73.15,73.55,73.5,73.65,73.73,91.3,54.0,152914,11273909.8,1740,THOMASCOOK
183,2023-01-10,EQ,73.95,75.2,72.9,73.95,73.1,73.55,74.06,91.3,54.0,247987,18366880.7,2204,THOMASCOOK
184,2023-01-09,EQ,72.45,74.5,72.3,72.05,74.1,73.95,73.77,91.3,54.0,435222,32106577.1,6079,THOMASCOOK
185,2023-01-06,EQ,73.6,73.6,71.75,73.2,71.8,72.05,72.33,91.3,54.0,141867,10261861.05,1454,THOMASCOOK
186,2023-01-05,EQ,73.6,73.6,72.05,73.0,73.1,73.2,72.93,91.3,54.0,184616,13464732.05,1988,THOMASCOOK
187,2023-01-04,EQ,74.7,74.7,72.55,74.2,73.0,73.0,73.27,91.3,54.0,237886,17430643.1,1989,THOMASCOOK
188,2023-01-03,EQ,72.0,74.65,72.0,72.6,74.35,74.2,73.75,91.3,54.0,486913,35911245.75,3394,THOMASCOOK
189,2023-01-02,EQ,71.95,73.2,70.9,71.2,72.65,72.6,72.13,91.3,54.0,352151,25399634.1,2564,THOMASCOOK
190,2022-12-30,EQ,71.8,73.1,70.85,71.7,71.4,71.2,72.03,91.3,54.0,345404,24880583.1,2857,THOMASCOOK
191,2022-12-29,EQ,72.2,73.0,71.1,73.15,71.7,71.7,71.89,91.3,54.0,242055,17400495.6,2356,THOMASCOOK
192,2022-12-28,EQ,71.15,74.6,71.15,72.45,72.75,73.15,73.09,91.3,54.0,267739,19569525.0,2567,THOMASCOOK
193,2022-12-27,EQ,70.8,74.15,69.6,70.45,72.55,72.45,71.8,91.3,54.0,504147,36197717.55,4061,THOMASCOOK
194,2022-12-26,EQ,66.05,71.0,65.6,65.6,70.8,70.45,69.35,91.3,54.0,648671,44987385.9,4994,THOMASCOOK
195,2022-12-23,EQ,70.0,70.3,65.0,71.0,66.1,65.6,67.28,91.3,54.0,712967,47967805.85,5903,THOMASCOOK
196,2022-12-22,EQ,75.05,75.8,69.55,75.05,71.0,71.0,71.73,91.3,54.0,1046108,75034094.6,7807,THOMASCOOK
197,2022-12-21,EQ,79.75,80.25,73.7,79.3,75.0,75.05,76.69,91.3,54.0,853237,65436085.2,5945,THOMASCOOK
198,2022-12-20,EQ,81.25,82.9,78.55,81.0,79.55,79.3,80.52,91.3,54.0,723657,58265539.2,6257,THOMASCOOK
199,2022-12-19,EQ,79.85,82.6,78.65,79.65,81.35,81.0,80.78,91.3,54.0,557486,45033077.9,5026,THOMASCOOK
200,2022-12-16,EQ,79.5,81.85,78.0,80.05,79.75,79.65,79.98,91.3,54.0,550216,44006781.65,5388,THOMASCOOK
201,2022-12-15,EQ,78.6,81.4,78.5,78.6,80.05,80.05,80.08,91.3,54.0,659889,52843179.05,5740,THOMASCOOK
202,2022-12-14,EQ,80.95,81.35,78.1,80.65,78.5,78.6,79.67,91.3,54.0,1032433,82252271.95,6939,THOMASCOOK
203,2022-12-13,EQ,84.25,84.7,80.15,83.25,80.7,80.65,82.44,91.3,54.0,1071761,88350870.1,7498,THOMASCOOK
204,2022-12-12,EQ,78.4,87.15,77.35,78.3,83.65,83.25,84.23,91.3,54.0,6061672,510570519.3,35667,THOMASCOOK
205,2022-12-09,EQ,75.75,79.7,75.75,75.85,78.15,78.3,77.97,91.3,54.0,1078620,84094874.3,8749,THOMASCOOK
206,2022-12-08,EQ,76.8,76.8,75.5,76.05,75.6,75.85,75.91,91.3,54.0,98476,7475469.15,1141,THOMASCOOK
207,2022-12-07,EQ,76.0,77.1,75.3,76.05,76.0,76.05,76.16,91.3,54.0,227740,17343893.85,2124,THOMASCOOK
208,2022-12-06,EQ,76.05,77.5,75.9,76.05,76.0,76.05,76.46,91.3,54.0,281656,21535263.85,2606,THOMASCOOK
209,2022-12-05,EQ,76.25,76.9,75.75,76.05,76.15,76.05,76.11,91.3,54.0,275172,20942851.4,2656,THOMASCOOK
210,2022-12-02,EQ,76.15,77.3,75.4,76.15,76.2,76.05,76.13,91.3,54.0,202665,15428506.8,2657,THOMASCOOK
211,2022-12-01,EQ,77.25,77.65,75.4,76.65,75.9,76.15,76.08,91.3,54.0,475490,36174840.75,6041,THOMASCOOK
212,2022-11-30,EQ,76.05,77.5,75.95,76.4,76.75,76.65,76.6,91.3,54.0,225096,17242767.4,2864,THOMASCOOK
213,2022-11-29,EQ,77.75,78.25,76.0,77.4,76.4,76.4,77.09,91.3,54.0,300710,23182282.4,3630,THOMASCOOK
214,2022-11-28,EQ,75.7,80.0,74.1,75.4,77.5,77.4,77.24,91.3,54.0,1441902,111374264.5,7247,THOMASCOOK
215,2022-11-25,EQ,75.0,76.0,73.85,75.05,75.45,75.4,74.99,91.3,54.0,396799,29754432.55,6376,THOMASCOOK
216,2022-11-24,EQ,77.0,77.35,74.7,76.6,74.95,75.05,75.51,91.3,54.0,255158,19265800.55,3109,THOMASCOOK
217,2022-11-23,EQ,73.0,77.8,72.15,72.75,75.85,76.6,75.35,91.3,54.0,655387,49384319.7,5308,THOMASCOOK
218,2022-11-22,EQ,74.75,78.7,72.1,73.35,72.7,72.75,74.41,91.3,54.0,828455,61646576.5,6937,THOMASCOOK
219,2022-11-21,EQ,74.0,74.65,72.3,74.55,73.6,73.35,73.35,91.3,54.0,164514,12066749.5,2720,THOMASCOOK
220,2022-11-18,EQ,73.95,74.75,73.05,73.55,74.7,74.55,74.15,91.3,54.0,210938,15640289.45,3088,THOMASCOOK
221,2022-11-17,EQ,73.7,74.25,73.3,73.45,73.75,73.55,73.72,91.3,54.0,135135,9962780.2,1437,THOMASCOOK
222,2022-11-16,EQ,75.8,76.3,72.8,75.7,73.45,73.45,74.26,91.3,54.0,351689,26116249.7,2589,THOMASCOOK
223,2022-11-15,EQ,77.5,78.0,75.25,75.65,76.0,75.7,76.74,91.3,54.0,371540,28511830.95,3188,THOMASCOOK
224,2022-11-14,EQ,77.0,77.85,74.75,75.25,75.75,75.65,75.97,91.3,54.0,522637,39703886.25,4406,THOMASCOOK
225,2022-11-11,EQ,74.8,76.5,74.25,73.9,75.0,75.25,75.45,91.3,54.0,334367,25226598.3,2702,THOMASCOOK
226,2022-11-10,EQ,75.6,75.6,73.6,74.1,74.45,73.9,74.07,91.3,54.0,128827,9542736.8,1237,THOMASCOOK
227,2022-11-09,EQ,74.95,75.75,73.65,74.1,74.3,74.1,74.79,91.3,54.0,240233,17967003.7,2296,THOMASCOOK
228,2022-11-07,EQ,75.25,75.7,73.75,74.35,74.25,74.1,74.28,91.3,54.0,148705,11045475.95,2039,THOMASCOOK
229,2022-11-04,EQ,74.7,75.7,74.0,74.85,74.3,74.35,74.64,91.3,54.0,161884,12082228.35,1943,THOMASCOOK
230,2022-11-03,EQ,74.75,75.8,74.0,74.45,75.15,74.85,74.81,91.3,54.0,136987,10247431.35,2177,THOMASCOOK
231,2022-11-02,EQ,74.95,75.8,73.5,74.2,74.65,74.45,74.57,91.3,54.0,144241,10755899.4,2252,THOMASCOOK
232,2022-11-01,EQ,75.9,75.95,73.3,75.4,74.95,74.2,74.8,91.3,54.0,342626,25628196.45,2860,THOMASCOOK
233,2022-10-31,EQ,76.0,76.4,75.1,75.65,75.6,75.4,75.75,91.3,54.0,131762,9980454.05,1936,THOMASCOOK
234,2022-10-28,EQ,76.3,76.7,75.25,76.35,75.75,75.65,76.02,91.3,54.0,125660,9552690.0,2399,THOMASCOOK
235,2022-10-27,EQ,76.95,77.1,75.1,76.2,76.8,76.35,76.41,91.3,54.0,220366,16837802.85,3820,THOMASCOOK
236,2022-10-25,EQ,78.7,78.7,75.75,77.9,76.05,76.2,76.52,91.3,54.0,206221,15779612.05,2622,THOMASCOOK
237,2022-10-24,EQ,77.1,78.75,77.1,77.0,78.15,77.9,77.74,91.3,54.0,59205,4602479.5,1333,THOMASCOOK
238,2022-10-21,EQ,79.2,79.2,76.5,78.65,76.75,77.0,78.08,91.3,54.0,156127,12190442.85,2486,THOMASCOOK
239,2022-10-20,EQ,78.5,79.8,77.0,78.05,78.75,78.65,78.66,91.3,54.0,274161,21564322.65,3552,THOMASCOOK
240,2022-10-19,EQ,78.95,80.7,77.65,78.5,78.15,78.05,79.06,91.3,54.0,421080,33290878.7,6218,THOMASCOOK
241,2022-10-18,EQ,76.0,79.9,75.55,75.45,78.35,78.5,78.45,91.3,54.0,723922,56794836.5,9055,THOMASCOOK
242,2022-10-17,EQ,76.1,76.85,75.2,76.55,75.45,75.45,75.71,91.3,54.0,184924,14000051.9,2780,THOMASCOOK
243,2022-10-14,EQ,77.5,78.75,76.3,76.6,76.3,76.55,77.66,91.3,54.0,217709,16906794.05,3554,THOMASCOOK
244,2022-10-13,EQ,77.6,78.15,76.1,77.6,76.25,76.6,76.98,91.3,54.0,176611,13595485.45,2246,THOMASCOOK
245,2022-10-12,EQ,77.95,79.9,77.05,78.0,77.4,77.6,77.53,91.3,54.0,380300,29483919.45,2670,THOMASCOOK
246,2022-10-11,EQ,81.35,81.9,77.45,80.95,78.1,78.0,80.08,91.3,54.0,567337,45432364.95,4991,THOMASCOOK
247,2022-10-10,EQ,78.0,81.45,77.4,78.6,81.15,80.95,79.9,91.3,54.0,1035049,82702310.05,6977,THOMASCOOK
248,2022-10-07,EQ,78.0,79.8,76.6,78.0,78.85,78.6,78.57,91.3,54.0,530899,41712142.4,4665,THOMASCOOK
249,2022-10-06,EQ,74.3,78.45,74.05,73.7,77.5,78.0,77.05,91.3,54.0,653194,50326855.05,6027,THOMASCOOK
250,2022-10-04,EQ,73.5,74.9,73.3,72.7,73.55,73.7,74.0,91.3,54.0,162949,12057975.6,1904,THOMASCOOK
251,2022-10-03,EQ,73.25,76.9,72.1,73.6,72.9,72.7,74.56,91.3,54.0,463505,34560489.0,4538,THOMASCOOK
252,2022-09-30,EQ,73.55,74.7,72.55,73.2,73.4,73.6,73.34,91.3,54.0,290507,21305298.0,3290,THOMASCOOK
253,2022-09-29,EQ,74.9,75.8,72.65,73.5,73.0,73.2,74.26,91.3,54.0,220187,16352108.15,3018,THOMASCOOK
254,2022-09-28,EQ,73.35,74.45,72.3,74.3,73.5,73.5,73.41,91.3,54.0,323913,23778320.95,2727,THOMASCOOK
255,2022-09-27,EQ,75.0,75.6,73.0,74.1,74.4,74.3,74.39,91.3,54.0,297620,22140575.2,2821,THOMASCOOK
256,2022-09-26,EQ,75.0,75.25,73.05,75.25,74.1,74.1,73.96,91.3,54.0,512892,37935886.85,4698,THOMASCOOK
257,2022-09-23,EQ,75.35,76.3,74.55,76.3,75.2,75.25,75.1,91.3,54.0,228379,17151560.55,2200,THOMASCOOK
258,2022-09-22,EQ,73.85,77.9,73.5,73.6,75.75,76.3,76.04,91.3,54.0,524218,39860369.95,5219,THOMASCOOK
259,2022-09-21,EQ,74.55,75.5,73.5,74.55,74.0,73.6,74.27,91.3,54.0,152928,11357369.15,1700,THOMASCOOK
260,2022-09-20,EQ,75.1,75.95,74.1,74.6,74.1,74.55,75.28,91.3,54.0,214573,16152333.3,2449,THOMASCOOK
261,2022-09-19,EQ,77.2,77.2,73.85,76.75,75.9,74.6,75.29,91.3,54.0,343163,25836444.55,3135,THOMASCOOK
262,2022-09-16,EQ,79.45,79.8,76.0,78.9,76.8,76.75,77.91,91.3,54.0,465495,36264514.65,4346,THOMASCOOK
263,2022-09-15,EQ,77.05,80.5,76.6,76.5,78.75,78.9,78.93,91.3,54.0,1265381,99871511.05,8557,THOMASCOOK
264,2022-09-14,EQ,75.5,77.0,75.0,76.75,76.55,76.5,76.07,91.3,54.0,378688,28808612.85,4061,THOMASCOOK
265,2022-09-13,EQ,78.0,79.0,76.5,77.8,76.5,76.75,77.55,91.3,54.0,447642,34715313.4,3690,THOMASCOOK
266,2022-09-12,EQ,76.75,79.4,76.0,76.0,78.0,77.8,78.2,91.3,54.0,1000403,78232259.0,5669,THOMASCOOK
267,2022-09-09,EQ,74.7,77.7,74.0,74.55,76.5,76.0,75.65,91.3,54.0,788725,59666188.65,5754,THOMASCOOK
268,2022-09-08,EQ,75.95,76.4,74.1,74.85,74.4,74.55,75.19,91.3,54.0,249417,18754472.8,2506,THOMASCOOK
269,2022-09-07,EQ,75.4,76.3,74.3,74.35,75.0,74.85,75.19,91.3,54.0,446002,33535449.4,3662,THOMASCOOK
270,2022-09-06,EQ,75.6,75.65,74.05,75.05,74.4,74.35,74.47,91.3,54.0,194103,14454544.9,2174,THOMASCOOK
271,2022-09-05,EQ,75.2,76.55,74.05,75.75,75.2,75.05,74.88,91.3,54.0,305100,22845627.8,3132,THOMASCOOK
272,2022-09-02,EQ,76.2,76.5,74.5,75.5,76.0,75.75,75.63,91.3,54.0,461528,34903466.4,4491,THOMASCOOK
273,2022-09-01,EQ,72.6,78.4,72.3,73.05,75.6,75.5,76.36,91.3,54.0,1412993,107891892.35,11894,THOMASCOOK
274,2022-08-30,EQ,70.75,74.3,70.4,70.6,73.2,73.05,72.47,91.3,54.0,625066,45299416.0,5167,THOMASCOOK
275,2022-08-29,EQ,68.0,71.3,68.0,72.2,70.5,70.6,69.99,91.3,54.0,285743,19998240.8,2849,THOMASCOOK
276,2022-08-26,EQ,73.0,73.0,70.7,71.8,71.8,72.2,71.94,91.3,53.8,346046,24894302.65,2962,THOMASCOOK
277,2022-08-25,EQ,71.9,73.6,71.0,70.85,72.45,71.8,72.37,91.3,53.8,468765,33924174.4,5041,THOMASCOOK
278,2022-08-24,EQ,70.7,71.4,70.15,70.0,70.95,70.85,70.9,91.3,53.8,312860,22180347.95,2898,THOMASCOOK
279,2022-08-23,EQ,69.0,70.5,67.5,68.55,70.5,70.0,69.38,91.3,53.8,337866,23439776.4,2845,THOMASCOOK
280,2022-08-22,EQ,69.05,70.45,68.25,69.8,68.45,68.55,68.58,91.3,53.8,306486,21019998.2,2887,THOMASCOOK
281,2022-08-19,EQ,71.9,72.5,69.2,71.45,69.75,69.8,70.69,91.3,53.8,502011,35486982.35,3930,THOMASCOOK
282,2022-08-18,EQ,71.7,72.45,70.95,71.05,71.6,71.45,71.62,91.3,53.8,430293,30815558.7,3300,THOMASCOOK
283,2022-08-17,EQ,70.85,72.45,69.65,70.15,71.85,71.05,70.76,91.3,53.8,507112,35882870.35,4078,THOMASCOOK
284,2022-08-16,EQ,69.5,72.05,69.4,69.7,70.4,70.15,70.85,91.3,53.8,300796,21310847.8,3643,THOMASCOOK
285,2022-08-12,EQ,71.0,71.75,69.05,70.95,69.5,69.7,70.2,91.3,53.8,464440,32603159.1,3336,THOMASCOOK
286,2022-08-11,EQ,73.0,73.0,70.2,69.35,71.6,70.95,71.49,91.3,53.8,529095,37826319.65,4519,THOMASCOOK
287,2022-08-10,EQ,73.0,74.9,67.2,73.6,70.0,69.35,71.61,91.3,53.8,1069308,76571957.6,7997,THOMASCOOK
288,2022-08-08,EQ,71.3,74.1,69.2,71.1,73.1,73.6,72.51,91.3,53.8,1107351,80294870.65,8244,THOMASCOOK
289,2022-08-05,EQ,71.95,75.7,70.1,68.4,70.55,71.1,72.92,91.3,53.8,2818995,205574704.15,20966,THOMASCOOK
290,2022-08-04,EQ,69.8,71.45,67.7,69.2,69.25,68.4,69.45,91.3,53.8,515726,35817841.55,4942,THOMASCOOK
291,2022-08-03,EQ,69.0,69.4,68.15,69.0,69.3,69.2,68.84,91.3,53.8,202487,13939801.85,2536,THOMASCOOK
292,2022-08-02,EQ,68.0,70.2,67.75,67.95,69.2,69.0,69.45,91.3,53.8,455911,31663423.85,6195,THOMASCOOK
293,2022-08-01,EQ,67.25,69.05,67.25,66.85,68.15,67.95,68.38,91.3,53.8,187542,12825031.5,2568,THOMASCOOK
294,2022-07-29,EQ,67.2,67.9,66.0,66.35,67.0,66.85,67.09,91.3,53.8,220041,14762802.95,1980,THOMASCOOK
295,2022-07-28,EQ,66.95,68.2,65.5,66.1,66.8,66.35,67.12,91.3,53.8,189721,12734801.05,2266,THOMASCOOK
296,2022-07-27,EQ,67.3,67.95,65.5,67.25,65.7,66.1,66.67,91.3,53.8,163065,10871327.7,1664,THOMASCOOK
297,2022-07-26,EQ,66.65,68.1,66.5,67.25,67.4,67.25,67.06,91.3,53.8,239081,16032302.5,2777,THOMASCOOK
298,2022-07-25,EQ,68.3,68.4,67.0,68.4,67.4,67.25,67.61,91.3,53.8,225347,15234657.2,3098,THOMASCOOK
299,2022-07-22,EQ,68.95,71.2,67.4,68.45,68.1,68.4,69.24,91.3,53.8,851981,58991747.9,8113,THOMASCOOK
300,2022-07-21,EQ,67.7,71.6,66.85,67.25,68.7,68.45,69.45,91.3,53.8,1213100,84255634.2,9607,THOMASCOOK
301,2022-07-20,EQ,64.15,68.75,64.05,64.0,67.1,67.25,67.12,91.3,53.8,1214202,81502190.6,9550,THOMASCOOK
302,2022-07-19,EQ,63.05,64.55,63.05,63.2,64.1,64.0,63.85,91.3,53.8,172608,11020900.25,1961,THOMASCOOK
303,2022-07-18,EQ,62.15,63.9,62.0,61.7,62.75,63.2,63.06,91.3,53.8,161264,10169449.4,1833,THOMASCOOK
304,2022-07-15,EQ,63.05,64.0,61.3,63.05,61.6,61.7,62.21,91.3,53.8,203590,12665701.1,1907,THOMASCOOK
305,2022-07-14,EQ,64.5,64.5,62.5,63.9,62.95,63.05,63.43,91.3,53.8,180491,11448919.7,2029,THOMASCOOK
306,2022-07-13,EQ,63.2,65.6,63.1,64.0,63.65,63.9,64.29,91.3,53.8,291784,18758446.8,2989,THOMASCOOK
307,2022-07-12,EQ,64.5,65.95,61.7,64.1,62.9,64.0,64.06,91.3,53.8,323652,20733134.45,3022,THOMASCOOK
308,2022-07-11,EQ,62.5,66.0,61.55,62.55,64.1,64.1,64.47,91.3,53.8,571398,36840878.5,4709,THOMASCOOK
309,2022-07-08,EQ,63.0,63.75,62.1,62.35,62.6,62.55,62.96,91.3,53.8,264158,16632694.7,2130,THOMASCOOK
310,2022-07-07,EQ,60.2,63.85,60.0,59.3,62.15,62.35,62.43,91.3,53.8,557253,34792038.5,4617,THOMASCOOK
311,2022-07-06,EQ,59.9,59.9,58.55,58.95,59.7,59.3,59.19,91.3,53.8,95297,5640775.0,1332,THOMASCOOK
312,2022-07-05,EQ,60.5,61.3,58.55,59.85,59.2,58.95,59.63,91.3,53.8,282777,16862950.85,2547,THOMASCOOK
313,2022-07-04,EQ,58.5,60.3,58.45,59.1,60.0,59.85,59.48,91.3,53.8,91098,5418121.55,1378,THOMASCOOK
314,2022-07-01,EQ,58.7,59.9,58.7,58.7,59.2,59.1,59.3,91.3,53.8,105907,6280504.1,1585,THOMASCOOK
315,2022-06-30,EQ,59.05,60.25,58.1,59.45,58.75,58.7,59.48,91.3,53.8,118846,7068996.7,1586,THOMASCOOK
316,2022-06-29,EQ,59.8,61.0,58.9,60.9,59.45,59.45,60.09,91.3,53.8,153939,9249463.45,1650,THOMASCOOK
317,2022-06-28,EQ,61.0,61.7,60.5,60.15,60.75,60.9,61.03,91.3,53.8,333285,20340608.15,3275,THOMASCOOK
318,2022-06-27,EQ,61.5,61.95,60.0,61.25,60.65,60.15,60.67,91.3,53.8,311909,18923666.85,3401,THOMASCOOK
319,2022-06-24,EQ,57.4,62.7,57.4,56.45,61.05,61.25,60.89,91.3,53.8,1464454,89167254.1,10402,THOMASCOOK
320,2022-06-23,EQ,57.35,58.1,56.2,56.5,56.75,56.45,57.06,91.3,53.8,161672,9224451.5,1692,THOMASCOOK
321,2022-06-22,EQ,58.7,58.7,56.0,58.3,56.5,56.5,57.1,91.3,53.8,165648,9457821.35,2241,THOMASCOOK
322,2022-06-21,EQ,55.4,59.65,55.3,55.0,58.6,58.3,57.46,91.3,53.8,233570,13420935.1,2950,THOMASCOOK
323,2022-06-20,EQ,57.95,59.9,54.2,57.4,55.55,55.0,56.85,91.3,53.8,360142,20474610.95,4385,THOMASCOOK
324,2022-06-17,EQ,57.0,58.1,56.05,57.1,57.5,57.4,57.24,91.3,53.8,210039,12021993.1,3060,THOMASCOOK
325,2022-06-16,EQ,60.2,61.1,56.5,59.6,56.5,57.1,58.71,91.3,53.8,312165,18326355.45,3829,THOMASCOOK
326,2022-06-15,EQ,61.9,62.0,59.2,60.75,59.7,59.6,60.43,91.3,53.8,162618,9826540.75,2104,THOMASCOOK
327,2022-06-14,EQ,62.1,63.55,60.4,62.05,60.6,60.75,61.96,91.3,53.8,218418,13533226.4,1993,THOMASCOOK
328,2022-06-13,EQ,62.0,62.95,60.2,63.3,62.15,62.05,62.03,91.3,53.8,256806,15928734.9,2370,THOMASCOOK
329,2022-06-10,EQ,62.95,64.75,62.0,62.6,63.15,63.3,63.61,91.3,53.8,431606,27453531.4,3553,THOMASCOOK
330,2022-06-09,EQ,62.35,62.95,61.6,62.4,62.55,62.6,62.33,91.3,53.8,124315,7749051.45,1477,THOMASCOOK
331,2022-06-08,EQ,62.6,64.05,62.05,62.75,62.05,62.4,63.02,91.3,53.8,226127,14251038.0,2390,THOMASCOOK
332,2022-06-07,EQ,63.4,63.4,62.2,62.7,62.5,62.75,62.8,91.3,53.8,123481,7754195.45,1742,THOMASCOOK
333,2022-06-06,EQ,65.3,65.3,62.0,64.6,63.0,62.7,63.12,91.3,53.8,266137,16798959.0,2763,THOMASCOOK
334,2022-06-03,EQ,64.7,66.3,63.8,63.75,64.6,64.6,64.66,91.3,53.8,516247,33382220.55,5257,THOMASCOOK
335,2022-06-02,EQ,61.3,64.6,61.0,61.35,63.95,63.75,63.16,91.3,53.8,700900,44270320.65,5417,THOMASCOOK
336,2022-06-01,EQ,62.55,63.0,61.0,62.0,61.5,61.35,61.86,91.3,53.8,243049,15035491.35,3075,THOMASCOOK
337,2022-05-31,EQ,62.0,63.55,61.1,61.7,61.55,62.0,62.45,91.3,53.8,367644,22958173.6,3201,THOMASCOOK
338,2022-05-30,EQ,59.8,62.6,59.3,58.65,61.95,61.7,61.15,91.3,53.8,641051,39202835.35,4137,THOMASCOOK
339,2022-05-27,EQ,58.05,60.0,58.05,57.85,58.7,58.65,58.87,91.3,53.8,639351,37641004.25,4331,THOMASCOOK
340,2022-05-26,EQ,59.25,60.6,56.65,58.7,57.55,57.85,57.91,91.3,53.8,851070,49287208.45,6432,THOMASCOOK
341,2022-05-25,EQ,63.3,63.3,58.0,61.3,58.9,58.7,59.66,91.3,53.8,815228,48635111.05,7522,THOMASCOOK
342,2022-05-24,EQ,64.5,64.5,57.7,68.15,62.4,61.3,60.83,91.3,53.8,3316319,201734998.7,18895,THOMASCOOK
343,2022-05-23,EQ,68.75,69.35,67.5,67.75,67.7,68.15,68.59,91.3,53.8,282834,19400396.1,2785,THOMASCOOK
344,2022-05-20,EQ,66.3,68.35,66.3,65.4,67.8,67.75,67.49,91.3,46.65,205331,13857162.35,2491,THOMASCOOK
345,2022-05-19,EQ,65.2,66.45,65.0,66.85,65.1,65.4,65.58,91.3,46.65,274544,18005647.55,2557,THOMASCOOK
346,2022-05-18,EQ,70.0,70.9,66.2,69.4,67.2,66.85,68.41,91.3,46.65,412220,28198326.55,4773,THOMASCOOK
347,2022-05-17,EQ,65.95,70.7,65.45,65.35,69.75,69.4,68.6,91.3,46.65,713362,48938552.35,6798,THOMASCOOK
348,2022-05-16,EQ,65.95,67.8,64.5,65.0,65.75,65.35,65.89,91.3,46.65,473266,31182029.15,4606,THOMASCOOK
349,2022-05-13,EQ,62.05,66.35,62.05,62.1,65.2,65.0,64.99,91.3,45.85,503449,32718425.7,4556,THOMASCOOK
350,2022-05-12,EQ,63.0,63.2,61.2,63.5,61.85,62.1,62.35,91.3,45.85,341186,21273911.05,3394,THOMASCOOK
351,2022-05-11,EQ,66.5,67.4,62.6,66.0,63.5,63.5,64.42,91.3,45.85,401393,25857628.05,4780,THOMASCOOK
352,2022-05-10,EQ,68.45,69.8,65.25,67.4,65.6,66.0,67.73,91.3,45.85,434008,29394532.1,3698,THOMASCOOK
353,2022-05-09,EQ,68.15,69.6,66.8,69.6,67.0,67.4,67.91,91.3,45.85,441757,29999561.8,4133,THOMASCOOK
354,2022-05-06,EQ,71.4,72.35,68.65,72.9,69.8,69.6,70.15,91.3,45.6,807530,56645575.05,6820,THOMASCOOK
355,2022-05-05,EQ,74.7,75.9,72.1,73.25,73.2,72.9,73.59,91.3,45.6,354808,26109153.4,3475,THOMASCOOK
356,2022-05-04,EQ,77.4,79.5,72.15,75.85,73.9,73.25,75.89,91.3,45.6,852415,64693078.75,7058,THOMASCOOK
357,2022-05-02,EQ,75.6,76.65,73.7,76.25,76.0,75.85,75.2,91.3,45.6,547002,41133468.95,4655,THOMASCOOK
358,2022-04-29,EQ,77.35,79.15,75.25,76.6,76.45,76.25,77.68,91.3,45.6,714302,55490216.0,5815,THOMASCOOK
359,2022-04-28,EQ,81.1,81.7,76.0,80.5,76.8,76.6,78.38,91.3,45.6,725012,56828489.65,5949,THOMASCOOK
360,2022-04-27,EQ,80.95,82.9,80.05,81.05,80.6,80.5,81.82,91.3,45.6,929009,76007491.2,8351,THOMASCOOK
361,2022-04-26,EQ,82.75,84.2,80.2,81.5,81.6,81.05,82.35,91.3,45.6,693394,57099345.5,5362,THOMASCOOK
362,2022-04-25,EQ,81.25,84.4,78.1,81.5,81.5,81.5,82.4,91.3,45.6,1233806,101662372.35,8252,THOMASCOOK
363,2022-04-22,EQ,83.75,85.15,80.5,83.65,82.0,81.5,82.9,91.3,41.75,498844,41352021.5,5231,THOMASCOOK
364,2022-04-21,EQ,82.45,84.5,82.1,81.2,83.9,83.65,83.74,91.3,41.75,823757,68985171.3,5899,THOMASCOOK
365,2022-04-20,EQ,84.05,86.0,80.55,83.35,81.8,81.2,83.09,91.3,41.75,870779,72349189.65,7538,THOMASCOOK
366,2022-04-19,EQ,88.55,90.0,79.55,88.55,80.8,83.35,86.78,91.3,41.75,1800334,156231781.5,16639,THOMASCOOK
367,2022-04-18,EQ,86.1,89.75,84.3,86.95,87.55,88.55,87.45,91.3,41.75,1729159,151217394.5,12657,THOMASCOOK
368,2022-04-13,EQ,85.5,91.3,85.0,84.65,87.25,86.95,88.78,91.3,41.75,3381652,300217855.6,24519,THOMASCOOK
369,2022-04-12,EQ,83.5,86.0,78.65,82.75,84.8,84.65,82.43,88.05,41.75,1304993,107574943.05,9307,THOMASCOOK
370,2022-04-11,EQ,84.0,86.3,79.8,83.95,83.45,82.75,84.54,88.05,41.75,830723,70232475.9,7310,THOMASCOOK
371,2022-04-08,EQ,84.85,85.95,82.8,84.45,83.55,83.95,84.17,88.05,41.75,1085728,91381765.75,7164,THOMASCOOK
372,2022-04-07,EQ,82.6,88.05,82.45,84.05,84.0,84.45,85.21,88.05,41.75,2618544,223126688.85,20658,THOMASCOOK
373,2022-04-06,EQ,77.7,85.15,77.7,79.25,84.15,84.05,82.34,85.5,41.75,2322169,191218135.0,18316,THOMASCOOK
374,2022-04-05,EQ,76.95,84.0,76.05,76.95,79.0,79.25,79.37,85.5,41.75,2682360,212893921.0,18163,THOMASCOOK
375,2022-04-04,EQ,73.9,78.55,73.4,72.45,77.05,76.95,75.97,85.5,41.75,2088247,158644263.1,16007,THOMASCOOK
376,2022-04-01,EQ,68.6,73.7,68.45,68.6,72.05,72.45,71.97,85.5,41.75,1503348,108198223.95,11725,THOMASCOOK
377,2022-03-31,EQ,68.8,69.6,67.25,68.05,67.7,68.6,68.47,85.5,41.75,448040,30675526.35,3889,THOMASCOOK
378,2022-03-30,EQ,68.75,70.9,67.5,67.7,68.45,68.05,69.23,85.5,41.75,716232,49585642.65,6031,THOMASCOOK
379,2022-03-29,EQ,69.15,70.7,67.1,69.0,68.95,67.7,68.69,85.5,41.75,536445,36846736.75,5277,THOMASCOOK
380,2022-03-28,EQ,67.0,71.4,67.0,66.35,69.15,69.0,69.73,85.5,41.75,1407941,98175553.8,13030,THOMASCOOK
381,2022-03-25,EQ,65.6,68.15,65.4,65.45,66.5,66.35,66.79,85.5,41.75,433379,28944660.65,5599,THOMASCOOK
382,2022-03-24,EQ,66.15,67.3,65.2,67.15,65.4,65.45,66.1,85.5,41.75,484731,32039953.8,4014,THOMASCOOK
383,2022-03-23,EQ,68.8,71.0,66.4,67.65,67.3,67.15,68.74,85.5,41.75,1077430,74059000.2,7759,THOMASCOOK
384,2022-03-22,EQ,65.25,68.9,64.8,66.35,68.05,67.65,66.58,85.5,41.75,552479,36785255.5,3674,THOMASCOOK
385,2022-03-21,EQ,68.0,68.95,66.1,67.75,66.2,66.35,67.39,85.5,41.75,389307,26235925.6,3525,THOMASCOOK
386,2022-03-17,EQ,67.0,70.0,66.15,65.6,68.1,67.75,68.37,85.5,41.75,1146851,78408423.7,9608,THOMASCOOK
387,2022-03-16,EQ,66.95,66.95,65.05,65.55,65.4,65.6,66.02,85.5,41.75,385295,25436366.15,3676,THOMASCOOK
388,2022-03-15,EQ,64.85,66.5,64.65,64.95,64.65,65.55,65.78,85.5,41.75,597420,39298276.5,3757,THOMASCOOK
389,2022-03-14,EQ,66.5,67.0,63.9,66.15,65.55,64.95,64.93,85.5,41.75,515174,33448346.2,3285,THOMASCOOK
390,2022-03-11,EQ,63.3,66.5,63.3,63.3,66.2,66.15,65.11,85.5,41.75,830773,54088623.85,5737,THOMASCOOK
391,2022-03-10,EQ,64.25,65.5,62.55,63.05,63.5,63.3,63.9,85.5,41.75,852326,54464963.15,7630,THOMASCOOK
392,2022-03-09,EQ,57.65,64.0,56.9,56.45,62.75,63.05,62.1,85.5,41.75,2150959,133576858.9,23297,THOMASCOOK
393,2022-03-08,EQ,56.55,59.5,56.15,56.85,56.5,56.45,56.78,85.5,41.75,498502,28304462.45,4376,THOMASCOOK
394,2022-03-07,EQ,58.0,58.0,56.0,58.9,57.1,56.85,56.78,85.5,41.75,381614,21667517.55,4374,THOMASCOOK
395,2022-03-04,EQ,60.0,60.0,58.15,60.0,58.9,58.9,59.03,85.5,41.75,294278,17371633.4,3010,THOMASCOOK
396,2022-03-03,EQ,61.65,62.85,59.15,61.4,59.75,60.0,61.17,85.5,41.75,741921,45386998.9,5580,THOMASCOOK
397,2022-03-02,EQ,60.65,61.95,60.65,60.95,61.3,61.4,61.27,85.5,41.75,523254,32060202.2,4259,THOMASCOOK
398,2022-02-28,EQ,62.3,62.3,60.5,62.35,61.0,60.95,61.18,85.5,41.75,542071,33165980.45,3266,THOMASCOOK
399,2022-02-25,EQ,62.9,64.7,61.2,60.7,62.3,62.35,62.76,85.5,41.75,416917,26166832.15,3789,THOMASCOOK
400,2022-02-24,EQ,61.0,62.7,60.0,63.05,60.05,60.7,61.11,85.5,41.75,911828,55725549.3,7549,THOMASCOOK
401,2022-02-23,EQ,63.1,65.25,61.0,63.05,63.0,63.05,63.93,85.5,41.75,458550,29315130.9,4030,THOMASCOOK
402,2022-02-22,EQ,61.5,65.2,61.4,63.35,62.95,63.05,63.5,85.5,41.75,838690,53255697.3,7371,THOMASCOOK
403,2022-02-21,EQ,67.35,67.4,58.55,67.55,63.8,63.35,64.4,85.5,41.75,762509,49104610.3,8365,THOMASCOOK
404,2022-02-18,EQ,64.3,69.2,63.95,65.2,67.0,67.55,67.32,85.5,41.75,2001890,134773386.45,16084,THOMASCOOK
405,2022-02-17,EQ,66.0,66.0,64.4,64.95,64.45,65.2,65.11,85.5,41.75,634850,41337382.45,6733,THOMASCOOK
406,2022-02-16,EQ,65.2,67.25,64.25,64.6,65.0,64.95,65.95,85.5,41.75,741244,48881555.3,7174,THOMASCOOK
407,2022-02-15,EQ,61.8,65.25,61.8,61.55,64.5,64.6,63.63,85.5,41.75,690333,43925693.85,4277,THOMASCOOK
408,2022-02-14,EQ,63.2,64.0,61.2,64.35,61.8,61.55,62.19,85.5,41.75,419647,26097173.35,4037,THOMASCOOK
409,2022-02-11,EQ,63.4,64.8,62.6,63.45,64.3,64.35,63.53,85.5,41.75,347093,22052014.15,3517,THOMASCOOK
410,2022-02-10,EQ,64.25,64.7,63.15,63.9,63.45,63.45,63.89,85.5,41.75,290726,18574991.8,2568,THOMASCOOK
411,2022-02-09,EQ,64.1,65.3,63.45,63.7,63.65,63.9,64.22,85.5,41.75,331903,21313544.2,2970,THOMASCOOK
412,2022-02-08,EQ,64.9,64.95,62.9,64.6,63.5,63.7,63.8,85.5,41.75,378333,24135840.5,3662,THOMASCOOK
413,2022-02-07,EQ,66.45,66.85,63.7,65.85,64.9,64.6,65.05,85.5,41.75,450059,29275485.15,4725,THOMASCOOK
414,2022-02-04,EQ,67.0,70.9,65.6,64.9,65.9,65.85,67.64,85.5,41.75,2107515,142551005.15,20621,THOMASCOOK
415,2022-02-03,EQ,67.0,67.85,63.35,66.0,65.0,64.9,66.01,85.5,41.75,472600,31195755.3,5241,THOMASCOOK
416,2022-02-02,EQ,65.95,67.4,65.85,65.95,65.95,66.0,66.41,85.5,41.75,396386,26322338.35,3947,THOMASCOOK
417,2022-02-01,EQ,67.5,69.15,65.1,66.7,66.0,65.95,67.04,85.5,41.75,500374,33545090.5,5849,THOMASCOOK
418,2022-01-31,EQ,68.0,68.75,65.1,67.05,66.5,66.7,67.18,85.5,41.75,401592,26980775.1,4559,THOMASCOOK
419,2022-01-28,EQ,68.3,69.45,66.55,67.7,67.0,67.05,68.23,85.5,40.0,463387,31614811.05,5494,THOMASCOOK
420,2022-01-27,EQ,64.7,73.05,64.15,65.8,67.9,67.7,69.12,85.5,40.0,1993132,137762590.1,20152,THOMASCOOK
421,2022-01-25,EQ,66.1,67.3,63.5,66.6,65.8,65.8,65.92,85.5,40.0,693470,45716644.9,9216,THOMASCOOK
422,2022-01-24,EQ,67.45,70.9,54.0,66.9,65.25,66.6,65.47,85.5,40.0,3468729,227107239.3,25103,THOMASCOOK
423,2022-01-21,EQ,62.9,71.55,62.1,62.9,67.0,66.9,68.88,85.5,40.0,4103292,282624093.95,32849,THOMASCOOK
424,2022-01-20,EQ,64.35,64.35,61.95,63.9,63.4,62.9,63.35,85.5,40.0,210889,13358800.0,2319,THOMASCOOK
425,2022-01-19,EQ,64.0,64.2,63.1,64.05,64.1,63.9,63.57,85.5,40.0,159472,10138109.2,1854,THOMASCOOK
426,2022-01-18,EQ,64.5,65.7,63.5,64.25,63.6,64.05,64.47,85.5,40.0,396665,25573216.25,3515,THOMASCOOK
427,2022-01-17,EQ,65.5,65.8,64.05,64.55,64.35,64.25,64.71,85.5,40.0,239120,15473049.2,2027,THOMASCOOK
428,2022-01-14,EQ,63.65,65.5,62.75,62.8,64.5,64.55,64.48,85.5,40.0,416569,26861070.9,4916,THOMASCOOK
429,2022-01-13,EQ,64.95,64.95,62.35,64.25,62.75,62.8,63.31,85.5,40.0,315020,19943136.95,3488,THOMASCOOK
430,2022-01-12,EQ,62.95,65.35,59.9,61.65,64.2,64.25,63.6,85.5,40.0,772616,49137712.4,6639,THOMASCOOK
431,2022-01-11,EQ,62.4,62.95,61.3,62.95,61.8,61.65,61.93,85.5,40.0,219646,13602288.8,2458,THOMASCOOK
432,2022-01-10,EQ,59.3,63.95,58.7,59.2,62.75,62.95,61.48,85.5,40.0,718247,44160557.3,6500,THOMASCOOK
433,2022-01-07,EQ,60.45,60.45,58.5,59.55,59.3,59.2,59.37,85.5,40.0,270665,16068324.15,2325,THOMASCOOK
434,2022-01-06,EQ,59.3,60.95,59.0,59.95,59.7,59.55,59.73,85.5,40.0,369368,22061284.25,3411,THOMASCOOK
435,2022-01-05,EQ,59.3,60.55,59.3,60.4,59.95,59.95,59.94,85.5,40.0,292477,17530551.65,2784,THOMASCOOK
436,2022-01-04,EQ,61.5,61.5,59.45,60.05,60.5,60.4,60.63,85.5,40.0,322278,19538612.4,3030,THOMASCOOK
437,2022-01-03,EQ,60.9,61.0,59.45,59.6,60.0,60.05,60.17,85.5,40.0,319214,19206398.8,2825,THOMASCOOK
